{
    "": [
        {
            "keyframes": [
                {
                    "time": 0,
                    "properties": {
                        "timestamp": 0
                    }
                },
                {
                    "time": 5000,
                    "properties": {
                        "timestamp": 5000
                    }
                },
                {
                    "time": 10000,
                    "properties": {
                        "timestamp": 10000
                    }
                },
                {
                    "time": 15000,
                    "properties": {
                        "timestamp": 15000
                    }
                },
                {
                    "time": 20000,
                    "properties": {
                        "timestamp": 20000
                    }
                }
            ],
            "segments": [
                0,
                0,
                0,
                0
            ],
            "interpolators": [
                {
                    "type": "linear",
                    "properties": [
                        "timestamp"
                    ]
                }
            ]
        },
        {
            "keyframes": [
                {
                    "time": 0,
                    "properties": {
                        "camera:rotation": [
                            293.0,
                            30.0,
                            10.0
                        ],
                        "camera:position": [
                            251.0,
                            115.0,
                            1287.0
                        ]
                    }
                },
                {
                    "time": 5000,
                    "properties": {
                        "camera:rotation": [
                            316.0,
                            28.0,
                            20.0
                        ],
                        "camera:position": [
                            250.0,
                            103.0,
                            1322.0
                        ]
                    }
                },
                {
                    "time": 10000,
                    "properties": {
                        "camera:rotation": [
                            314.0,
                            8.0,
                            30.0
                        ],
                        "camera:position": [
                            277.0,
                            93.0,
                            1352.0
                        ]
                    }
                },
                {
                    "time": 15000,
                    "properties": {
                        "camera:rotation": [
                            272.0,
                            12.0,
                            0.0
                        ],
                        "camera:position": [
                            295.0,
                            87.0,
                            1388.0
                        ]
                    }
                },
                {
                    "time": 20000,
                    "properties": {
                        "camera:rotation": [
                            275.0,
                            21.0,
                            0.0
                        ],
                        "camera:position": [
                            324.0,
                            78.0,
                            1200.0
                        ]
                    }
                }
            ],
            "segments": [
                0,
                0,
                0,
                0
            ],
            "interpolators": [
                {
                    "type": {
                        "type": "catmull-rom-spline",
                        "alpha": 0.5
                    },
                    "properties": [
                        "camera:rotation",
                        "camera:position"
                    ]
                }
            ]
        }
    ]
}